8,Candy Land,http://boardgamegeek.com/boardgame/5048/candy-land,http://cf.geekdo-images.com/images/pic162151_t.jpg
11,Sorry!,http://boardgamegeek.com/boardgame/2407/sorry,http://cf.geekdo-images.com/images/pic1187187_t.jpg
12,Life,http://boardgamegeek.com/boardgame/2921/the-game-of-life,http://cf.geekdo-images.com/images/pic288405_t.jpg
13,Mouse Trap,http://boardgamegeek.com/boardgame/2679/mouse-trap,http://cf.geekdo-images.com/images/pic94317_t.jpg
14,Operation,http://boardgamegeek.com/boardgame/3737/operation,http://cf.geekdo-images.com/images/pic153389_t.jpg
15,Monopoly,http://boardgamegeek.com/boardgame/1406/monopoly,http://cf.geekdo-images.com/images/pic265476_t.jpg
17,Yahtzee!,http://boardgamegeek.com/boardgame/2243/yahtzee,http://cf.geekdo-images.com/images/pic378237_t.jpg
19,Small World,http://boardgamegeek.com/boardgame/40692/small-world,http://cf.geekdo-images.com/images/pic428828_t.jpg
20,Forbidden Island,http://boardgamegeek.com/boardgame/65244/forbidden-island,http://cf.geekdo-images.com/images/pic646458_t.jpg
21,Axis and Allies,http://boardgamegeek.com/boardgame/98/axis-allies,http://cf.geekdo-images.com/images/pic24006_t.jpg
23,Le Havre,http://boardgamegeek.com/boardgame/35677/le-havre,http://cf.geekdo-images.com/images/pic447994_t.jpg
25,Risk,http://boardgamegeek.com/boardgame/181/risk,http://cf.geekdo-images.com/images/pic62237_t.jpg
26,Game of Thrones,http://boardgamegeek.com/boardgame/6472/a-game-of-thrones,http://cf.geekdo-images.com/images/pic1222116_t.jpg
29,Warhammer,http://en.wikipedia.org/wiki/Warhammer_Fantasy_Battle,http://upload.wikimedia.org/wikipedia/en/c/cc/Warhammer_8th_Edition_Cover.jpg
31,Magic,http://en.wikipedia.org/wiki/Magic:_The_Gathering,http://upload.wikimedia.org/wikipedia/en/thumb/a/aa/Magic_the_gathering-card_back.jpg/200px-Magic_the_gathering-card_back.jpg
33,Battlestar Galatica,http://boardgamegeek.com/boardgame/37111/battlestar-galactica,http://cf.geekdo-images.com/images/pic354500_t.jpg
34,Cosmic Encounter,http://boardgamegeek.com/boardgame/39463/cosmic-encounter,http://cf.geekdo-images.com/images/pic354780_t.jpg
37,Arkham Horror,http://boardgamegeek.com/boardgame/15987/arkham-horror,http://cf.geekdo-images.com/images/pic175966_t.jpg
39,Shadows Over Camelot,http://boardgamegeek.com/boardgame/15062/shadows-over-camelot,http://cf.geekdo-images.com/images/pic70547_t.jpg
41,Light Night on Earth,http://boardgamegeek.com/boardgame/29368/last-night-on-earth-the-zombie-game,http://cf.geekdo-images.com/images/pic207777_t.jpg
43,Dunegon Run,http://boardgamegeek.com/boardgame/66424/dungeon-run,http://cf.geekdo-images.com/images/pic954633_t.jpg
44,Pandemic,http://boardgamegeek.com/boardgame/30549/pandemic,http://cf.geekdo-images.com/images/pic254416_t.jpg
45,Rummoli,http://boardgamegeek.com/boardgame/9794/rummoli,http://cf.geekdo-images.com/images/pic40708_t.jpg
49,Cribbage,http://boardgamegeek.com/boardgame/2398/cribbage,http://cf.geekdo-images.com/images/pic121094_t.jpg
52,Backgammon,http://boardgamegeek.com/boardgame/2397/backgammon,http://cf.geekdo-images.com/images/pic55221_t.jpg
53,Go,http://boardgamegeek.com/boardgame/188/go,http://cf.geekdo-images.com/images/pic38998_t.jpg
54,Chess,http://boardgamegeek.com/boardgame/171/chess,http://cf.geekdo-images.com/images/pic260745_t.jpg
57,Twister,http://boardgamegeek.com/boardgame/5894/twister,http://cf.geekdo-images.com/images/pic196428_t.jpg
61,Ca$h\'N\'Gun$,http://boardgamegeek.com/boardgame/19237/cash-n-guns,http://cf.geekdo-images.com/images/pic87523_t.jpg
62,Cranium,http://boardgamegeek.com/boardgame/891/cranium,http://cf.geekdo-images.com/images/pic180029_t.jpg
65,Beyond Balderdash,http://boardgamegeek.com/boardgame/1544/beyond-balderdash,http://cf.geekdo-images.com/images/pic3364_t.jpg
66,Wits and Wagers,http://boardgamegeek.com/boardgame/20100/wits-wagers,http://cf.geekdo-images.com/images/pic521431_t.jpg
67,Jenga (DK Edition),http://boardgamegeek.com/boardgame/37931/jenga-donkey-kong-collectors-edition,http://cf.geekdo-images.com/images/pic892701_t.jpg
68,Taboo,http://boardgamegeek.com/boardgame/1111/taboo,http://cf.geekdo-images.com/images/pic212946_t.jpg
69,Trivial Pursuit,http://boardgamegeek.com/boardgame/2952/trivial-pursuit,http://cf.geekdo-images.com/images/pic387612_t.jpg
71,Scrabble,http://boardgamegeek.com/boardgame/320/scrabble,http://cf.geekdo-images.com/images/pic404651_t.jpg
75,Steam,http://boardgamegeek.com/boardgame/27833/steam,http://cf.geekdo-images.com/images/pic392515_t.jpg
76,Ticket to Ride,http://boardgamegeek.com/boardgame/9209/ticket-to-ride,http://cf.geekdo-images.com/images/pic38668_t.jpg
79,Qwirkle,http://boardgamegeek.com/boardgame/25669/qwirkle,http://cf.geekdo-images.com/images/pic309353_t.jpg
80,Scattergories,http://boardgamegeek.com/boardgame/2381/scattergories,http://cf.geekdo-images.com/images/pic344379_t.jpg
83,Agricola,http://boardgamegeek.com/boardgame/31260/agricola,http://cf.geekdo-images.com/images/pic259085_t.jpg
86,Cities and Knights,http://boardgamegeek.com/boardgameexpansion/926/catan-cities-knights,http://cf.geekdo-images.com/images/pic268845_t.jpg
87,Puerto Rico,http://boardgamegeek.com/boardgame/3076/puerto-rico,http://cf.geekdo-images.com/images/pic158548_t.jpg
88,Domaine,http://boardgamegeek.com/boardgame/5737/domaine,http://cf.geekdo-images.com/images/pic21368_t.jpg
91,Dominion,http://boardgamegeek.com/boardgame/36218/dominion,http://cf.geekdo-images.com/images/pic394356_t.jpg
92,7 Wonders,http://boardgamegeek.com/boardgame/68448/7-wonders,http://cf.geekdo-images.com/images/pic860217_t.jpg
93,Settlers of Catan,http://boardgamegeek.com/boardgame/13/the-settlers-of-catan,http://cf.geekdo-images.com/images/pic268839_t.jpg
95,Carcassonne,http://boardgamegeek.com/boardgame/822/carcassonne,http://cf.geekdo-images.com/images/pic166867_t.jpg
96,Pillars of the Earth,http://boardgamegeek.com/boardgame/24480/the-pillars-of-the-earth,http://cf.geekdo-images.com/images/pic212815_t.jpg